"Tabela 8888 - Produção Física Industrial, por seções e atividades industriais"
"","Mês","Variável","Seções e atividades industriais (CNAE 2.0)",""
"Brasil","janeiro 2002","PIMPF - Número-índice (2022=100) (Número-índice)","3.26 Fabricação de equipamentos de informática, produtos eletrônicos e ópticos","105.75245"
"Brasil","fevereiro 2002","PIMPF - Número-índice (2022=100) (Número-índice)","3.26 Fabricação de equipamentos de informática, produtos eletrônicos e ópticos","99.65788"
"Brasil","março 2002","PIMPF - Número-índice (2022=100) (Número-índice)","3.26 Fabricação de equipamentos de informática, produtos eletrônicos e ópticos","116.03333"
"Brasil","abril 2002","PIMPF - Número-índice (2022=100) (Número-índice)","3.26 Fabricação de equipamentos de informática, produtos eletrônicos e ópticos","127.42721"
"Brasil","maio 2002","PIMPF - Número-índice (2022=100) (Número-índice)","3.26 Fabricação de equipamentos de informática, produtos eletrônicos e ópticos","117.11845"
"Brasil","junho 2002","PIMPF - Número-índice (2022=100) (Número-índice)","3.26 Fabricação de equipamentos de informática, produtos eletrônicos e ópticos","106.02189"
"Brasil","julho 2002","PIMPF - Número-índice (2022=100) (Número-índice)","3.26 Fabricação de equipamentos de informática, produtos eletrônicos e ópticos","131.90073"
"Brasil","agosto 2002","PIMPF - Número-índice (2022=100) (Número-índice)","3.26 Fabricação de equipamentos de informática, produtos eletrônicos e ópticos","110.55841"
"Brasil","setembro 2002","PIMPF - Número-índice (2022=100) (Número-índice)","3.26 Fabricação de equipamentos de informática, produtos eletrônicos e ópticos","108.48935"
"Brasil","outubro 2002","PIMPF - Número-índice (2022=100) (Número-índice)","3.26 Fabricação de equipamentos de informática, produtos eletrônicos e ópticos","122.23019"
"Brasil","novembro 2002","PIMPF - Número-índice (2022=100) (Número-índice)","3.26 Fabricação de equipamentos de informática, produtos eletrônicos e ópticos","119.13779"
"Brasil","dezembro 2002","PIMPF - Número-índice (2022=100) (Número-índice)","3.26 Fabricação de equipamentos de informática, produtos eletrônicos e ópticos","96.72907"
"Brasil","janeiro 2003","PIMPF - Número-índice (2022=100) (Número-índice)","3.26 Fabricação de equipamentos de informática, produtos eletrônicos e ópticos","77.47891"
"Brasil","fevereiro 2003","PIMPF - Número-índice (2022=100) (Número-índice)","3.26 Fabricação de equipamentos de informática, produtos eletrônicos e ópticos","85.38896"
"Brasil","março 2003","PIMPF - Número-índice (2022=100) (Número-índice)","3.26 Fabricação de equipamentos de informática, produtos eletrônicos e ópticos","87.45367"
"Brasil","abril 2003","PIMPF - Número-índice (2022=100) (Número-índice)","3.26 Fabricação de equipamentos de informática, produtos eletrônicos e ópticos","104.63082"
"Brasil","maio 2003","PIMPF - Número-índice (2022=100) (Número-índice)","3.26 Fabricação de equipamentos de informática, produtos eletrônicos e ópticos","106.18929"
"Brasil","junho 2003","PIMPF - Número-índice (2022=100) (Número-índice)","3.26 Fabricação de equipamentos de informática, produtos eletrônicos e ópticos","102.98234"
"Brasil","julho 2003","PIMPF - Número-índice (2022=100) (Número-índice)","3.26 Fabricação de equipamentos de informática, produtos eletrônicos e ópticos","121.19637"
"Brasil","agosto 2003","PIMPF - Número-índice (2022=100) (Número-índice)","3.26 Fabricação de equipamentos de informática, produtos eletrônicos e ópticos","112.30906"
"Brasil","setembro 2003","PIMPF - Número-índice (2022=100) (Número-índice)","3.26 Fabricação de equipamentos de informática, produtos eletrônicos e ópticos","133.20886"
"Brasil","outubro 2003","PIMPF - Número-índice (2022=100) (Número-índice)","3.26 Fabricação de equipamentos de informática, produtos eletrônicos e ópticos","159.19022"
"Brasil","novembro 2003","PIMPF - Número-índice (2022=100) (Número-índice)","3.26 Fabricação de equipamentos de informática, produtos eletrônicos e ópticos","170.07234"
"Brasil","dezembro 2003","PIMPF - Número-índice (2022=100) (Número-índice)","3.26 Fabricação de equipamentos de informática, produtos eletrônicos e ópticos","123.45328"
"Brasil","janeiro 2004","PIMPF - Número-índice (2022=100) (Número-índice)","3.26 Fabricação de equipamentos de informática, produtos eletrônicos e ópticos","105.88971"
"Brasil","fevereiro 2004","PIMPF - Número-índice (2022=100) (Número-índice)","3.26 Fabricação de equipamentos de informática, produtos eletrônicos e ópticos","100.23038"
"Brasil","março 2004","PIMPF - Número-índice (2022=100) (Número-índice)","3.26 Fabricação de equipamentos de informática, produtos eletrônicos e ópticos","137.48965"
"Brasil","abril 2004","PIMPF - Número-índice (2022=100) (Número-índice)","3.26 Fabricação de equipamentos de informática, produtos eletrônicos e ópticos","135.97209"
"Brasil","maio 2004","PIMPF - Número-índice (2022=100) (Número-índice)","3.26 Fabricação de equipamentos de informática, produtos eletrônicos e ópticos","138.66505"
"Brasil","junho 2004","PIMPF - Número-índice (2022=100) (Número-índice)","3.26 Fabricação de equipamentos de informática, produtos eletrônicos e ópticos","139.58845"
"Brasil","julho 2004","PIMPF - Número-índice (2022=100) (Número-índice)","3.26 Fabricação de equipamentos de informática, produtos eletrônicos e ópticos","138.42681"
"Brasil","agosto 2004","PIMPF - Número-índice (2022=100) (Número-índice)","3.26 Fabricação de equipamentos de informática, produtos eletrônicos e ópticos","143.41117"
"Brasil","setembro 2004","PIMPF - Número-índice (2022=100) (Número-índice)","3.26 Fabricação de equipamentos de informática, produtos eletrônicos e ópticos","137.97698"
"Brasil","outubro 2004","PIMPF - Número-índice (2022=100) (Número-índice)","3.26 Fabricação de equipamentos de informática, produtos eletrônicos e ópticos","153.35837"
"Brasil","novembro 2004","PIMPF - Número-índice (2022=100) (Número-índice)","3.26 Fabricação de equipamentos de informática, produtos eletrônicos e ópticos","180.35266"
"Brasil","dezembro 2004","PIMPF - Número-índice (2022=100) (Número-índice)","3.26 Fabricação de equipamentos de informática, produtos eletrônicos e ópticos","140.56058"
"Brasil","janeiro 2005","PIMPF - Número-índice (2022=100) (Número-índice)","3.26 Fabricação de equipamentos de informática, produtos eletrônicos e ópticos","114.84833"
"Brasil","fevereiro 2005","PIMPF - Número-índice (2022=100) (Número-índice)","3.26 Fabricação de equipamentos de informática, produtos eletrônicos e ópticos","111.49130"
"Brasil","março 2005","PIMPF - Número-índice (2022=100) (Número-índice)","3.26 Fabricação de equipamentos de informática, produtos eletrônicos e ópticos","145.68401"
"Brasil","abril 2005","PIMPF - Número-índice (2022=100) (Número-índice)","3.26 Fabricação de equipamentos de informática, produtos eletrônicos e ópticos","154.43533"
"Brasil","maio 2005","PIMPF - Número-índice (2022=100) (Número-índice)","3.26 Fabricação de equipamentos de informática, produtos eletrônicos e ópticos","174.52414"
"Brasil","junho 2005","PIMPF - Número-índice (2022=100) (Número-índice)","3.26 Fabricação de equipamentos de informática, produtos eletrônicos e ópticos","180.39497"
"Brasil","julho 2005","PIMPF - Número-índice (2022=100) (Número-índice)","3.26 Fabricação de equipamentos de informática, produtos eletrônicos e ópticos","167.49402"
"Brasil","agosto 2005","PIMPF - Número-índice (2022=100) (Número-índice)","3.26 Fabricação de equipamentos de informática, produtos eletrônicos e ópticos","168.97274"
"Brasil","setembro 2005","PIMPF - Número-índice (2022=100) (Número-índice)","3.26 Fabricação de equipamentos de informática, produtos eletrônicos e ópticos","166.59941"
"Brasil","outubro 2005","PIMPF - Número-índice (2022=100) (Número-índice)","3.26 Fabricação de equipamentos de informática, produtos eletrônicos e ópticos","167.81260"
"Brasil","novembro 2005","PIMPF - Número-índice (2022=100) (Número-índice)","3.26 Fabricação de equipamentos de informática, produtos eletrônicos e ópticos","175.39340"
"Brasil","dezembro 2005","PIMPF - Número-índice (2022=100) (Número-índice)","3.26 Fabricação de equipamentos de informática, produtos eletrônicos e ópticos","159.17203"
"Brasil","janeiro 2006","PIMPF - Número-índice (2022=100) (Número-índice)","3.26 Fabricação de equipamentos de informática, produtos eletrônicos e ópticos","144.89017"
"Brasil","fevereiro 2006","PIMPF - Número-índice (2022=100) (Número-índice)","3.26 Fabricação de equipamentos de informática, produtos eletrônicos e ópticos","146.24979"
"Brasil","março 2006","PIMPF - Número-índice (2022=100) (Número-índice)","3.26 Fabricação de equipamentos de informática, produtos eletrônicos e ópticos","191.28145"
"Brasil","abril 2006","PIMPF - Número-índice (2022=100) (Número-índice)","3.26 Fabricação de equipamentos de informática, produtos eletrônicos e ópticos","172.85407"
"Brasil","maio 2006","PIMPF - Número-índice (2022=100) (Número-índice)","3.26 Fabricação de equipamentos de informática, produtos eletrônicos e ópticos","181.83192"
"Brasil","junho 2006","PIMPF - Número-índice (2022=100) (Número-índice)","3.26 Fabricação de equipamentos de informática, produtos eletrônicos e ópticos","169.71822"
"Brasil","julho 2006","PIMPF - Número-índice (2022=100) (Número-índice)","3.26 Fabricação de equipamentos de informática, produtos eletrônicos e ópticos","173.58941"
"Brasil","agosto 2006","PIMPF - Número-índice (2022=100) (Número-índice)","3.26 Fabricação de equipamentos de informática, produtos eletrônicos e ópticos","177.24320"
"Brasil","setembro 2006","PIMPF - Número-índice (2022=100) (Número-índice)","3.26 Fabricação de equipamentos de informática, produtos eletrônicos e ópticos","185.02038"
"Brasil","outubro 2006","PIMPF - Número-índice (2022=100) (Número-índice)","3.26 Fabricação de equipamentos de informática, produtos eletrônicos e ópticos","190.37025"
"Brasil","novembro 2006","PIMPF - Número-índice (2022=100) (Número-índice)","3.26 Fabricação de equipamentos de informática, produtos eletrônicos e ópticos","206.42195"
"Brasil","dezembro 2006","PIMPF - Número-índice (2022=100) (Número-índice)","3.26 Fabricação de equipamentos de informática, produtos eletrônicos e ópticos","159.82947"
"Brasil","janeiro 2007","PIMPF - Número-índice (2022=100) (Número-índice)","3.26 Fabricação de equipamentos de informática, produtos eletrônicos e ópticos","147.72052"
"Brasil","fevereiro 2007","PIMPF - Número-índice (2022=100) (Número-índice)","3.26 Fabricação de equipamentos de informática, produtos eletrônicos e ópticos","151.26500"
"Brasil","março 2007","PIMPF - Número-índice (2022=100) (Número-índice)","3.26 Fabricação de equipamentos de informática, produtos eletrônicos e ópticos","183.52937"
"Brasil","abril 2007","PIMPF - Número-índice (2022=100) (Número-índice)","3.26 Fabricação de equipamentos de informática, produtos eletrônicos e ópticos","166.71148"
"Brasil","maio 2007","PIMPF - Número-índice (2022=100) (Número-índice)","3.26 Fabricação de equipamentos de informática, produtos eletrônicos e ópticos","182.84088"
"Brasil","junho 2007","PIMPF - Número-índice (2022=100) (Número-índice)","3.26 Fabricação de equipamentos de informática, produtos eletrônicos e ópticos","168.30616"
"Brasil","julho 2007","PIMPF - Número-índice (2022=100) (Número-índice)","3.26 Fabricação de equipamentos de informática, produtos eletrônicos e ópticos","178.55988"
"Brasil","agosto 2007","PIMPF - Número-índice (2022=100) (Número-índice)","3.26 Fabricação de equipamentos de informática, produtos eletrônicos e ópticos","186.59254"
"Brasil","setembro 2007","PIMPF - Número-índice (2022=100) (Número-índice)","3.26 Fabricação de equipamentos de informática, produtos eletrônicos e ópticos","186.17787"
"Brasil","outubro 2007","PIMPF - Número-índice (2022=100) (Número-índice)","3.26 Fabricação de equipamentos de informática, produtos eletrônicos e ópticos","215.78948"
"Brasil","novembro 2007","PIMPF - Número-índice (2022=100) (Número-índice)","3.26 Fabricação de equipamentos de informática, produtos eletrônicos e ópticos","225.65573"
"Brasil","dezembro 2007","PIMPF - Número-índice (2022=100) (Número-índice)","3.26 Fabricação de equipamentos de informática, produtos eletrônicos e ópticos","182.89649"
"Brasil","janeiro 2008","PIMPF - Número-índice (2022=100) (Número-índice)","3.26 Fabricação de equipamentos de informática, produtos eletrônicos e ópticos","150.60604"
"Brasil","fevereiro 2008","PIMPF - Número-índice (2022=100) (Número-índice)","3.26 Fabricação de equipamentos de informática, produtos eletrônicos e ópticos","166.77042"
"Brasil","março 2008","PIMPF - Número-índice (2022=100) (Número-índice)","3.26 Fabricação de equipamentos de informática, produtos eletrônicos e ópticos","183.12291"
"Brasil","abril 2008","PIMPF - Número-índice (2022=100) (Número-índice)","3.26 Fabricação de equipamentos de informática, produtos eletrônicos e ópticos","190.94666"
"Brasil","maio 2008","PIMPF - Número-índice (2022=100) (Número-índice)","3.26 Fabricação de equipamentos de informática, produtos eletrônicos e ópticos","180.55909"
"Brasil","junho 2008","PIMPF - Número-índice (2022=100) (Número-índice)","3.26 Fabricação de equipamentos de informática, produtos eletrônicos e ópticos","190.80362"
"Brasil","julho 2008","PIMPF - Número-índice (2022=100) (Número-índice)","3.26 Fabricação de equipamentos de informática, produtos eletrônicos e ópticos","192.21399"
"Brasil","agosto 2008","PIMPF - Número-índice (2022=100) (Número-índice)","3.26 Fabricação de equipamentos de informática, produtos eletrônicos e ópticos","178.43099"
"Brasil","setembro 2008","PIMPF - Número-índice (2022=100) (Número-índice)","3.26 Fabricação de equipamentos de informática, produtos eletrônicos e ópticos","193.67243"
"Brasil","outubro 2008","PIMPF - Número-índice (2022=100) (Número-índice)","3.26 Fabricação de equipamentos de informática, produtos eletrônicos e ópticos","210.81117"
"Brasil","novembro 2008","PIMPF - Número-índice (2022=100) (Número-índice)","3.26 Fabricação de equipamentos de informática, produtos eletrônicos e ópticos","176.28985"
"Brasil","dezembro 2008","PIMPF - Número-índice (2022=100) (Número-índice)","3.26 Fabricação de equipamentos de informática, produtos eletrônicos e ópticos","98.46568"
"Brasil","janeiro 2009","PIMPF - Número-índice (2022=100) (Número-índice)","3.26 Fabricação de equipamentos de informática, produtos eletrônicos e ópticos","95.90060"
"Brasil","fevereiro 2009","PIMPF - Número-índice (2022=100) (Número-índice)","3.26 Fabricação de equipamentos de informática, produtos eletrônicos e ópticos","105.50114"
"Brasil","março 2009","PIMPF - Número-índice (2022=100) (Número-índice)","3.26 Fabricação de equipamentos de informática, produtos eletrônicos e ópticos","131.82076"
"Brasil","abril 2009","PIMPF - Número-índice (2022=100) (Número-índice)","3.26 Fabricação de equipamentos de informática, produtos eletrônicos e ópticos","117.89981"
"Brasil","maio 2009","PIMPF - Número-índice (2022=100) (Número-índice)","3.26 Fabricação de equipamentos de informática, produtos eletrônicos e ópticos","132.97402"
"Brasil","junho 2009","PIMPF - Número-índice (2022=100) (Número-índice)","3.26 Fabricação de equipamentos de informática, produtos eletrônicos e ópticos","140.97586"
"Brasil","julho 2009","PIMPF - Número-índice (2022=100) (Número-índice)","3.26 Fabricação de equipamentos de informática, produtos eletrônicos e ópticos","154.34185"
"Brasil","agosto 2009","PIMPF - Número-índice (2022=100) (Número-índice)","3.26 Fabricação de equipamentos de informática, produtos eletrônicos e ópticos","160.06451"
"Brasil","setembro 2009","PIMPF - Número-índice (2022=100) (Número-índice)","3.26 Fabricação de equipamentos de informática, produtos eletrônicos e ópticos","173.93716"
"Brasil","outubro 2009","PIMPF - Número-índice (2022=100) (Número-índice)","3.26 Fabricação de equipamentos de informática, produtos eletrônicos e ópticos","181.48596"
"Brasil","novembro 2009","PIMPF - Número-índice (2022=100) (Número-índice)","3.26 Fabricação de equipamentos de informática, produtos eletrônicos e ópticos","185.14210"
"Brasil","dezembro 2009","PIMPF - Número-índice (2022=100) (Número-índice)","3.26 Fabricação de equipamentos de informática, produtos eletrônicos e ópticos","135.24450"
"Brasil","janeiro 2010","PIMPF - Número-índice (2022=100) (Número-índice)","3.26 Fabricação de equipamentos de informática, produtos eletrônicos e ópticos","116.44329"
"Brasil","fevereiro 2010","PIMPF - Número-índice (2022=100) (Número-índice)","3.26 Fabricação de equipamentos de informática, produtos eletrônicos e ópticos","128.71449"
"Brasil","março 2010","PIMPF - Número-índice (2022=100) (Número-índice)","3.26 Fabricação de equipamentos de informática, produtos eletrônicos e ópticos","171.17898"
"Brasil","abril 2010","PIMPF - Número-índice (2022=100) (Número-índice)","3.26 Fabricação de equipamentos de informática, produtos eletrônicos e ópticos","153.42756"
"Brasil","maio 2010","PIMPF - Número-índice (2022=100) (Número-índice)","3.26 Fabricação de equipamentos de informática, produtos eletrônicos e ópticos","168.41843"
"Brasil","junho 2010","PIMPF - Número-índice (2022=100) (Número-índice)","3.26 Fabricação de equipamentos de informática, produtos eletrônicos e ópticos","156.03934"
"Brasil","julho 2010","PIMPF - Número-índice (2022=100) (Número-índice)","3.26 Fabricação de equipamentos de informática, produtos eletrônicos e ópticos","161.68403"
"Brasil","agosto 2010","PIMPF - Número-índice (2022=100) (Número-índice)","3.26 Fabricação de equipamentos de informática, produtos eletrônicos e ópticos","164.56098"
"Brasil","setembro 2010","PIMPF - Número-índice (2022=100) (Número-índice)","3.26 Fabricação de equipamentos de informática, produtos eletrônicos e ópticos","160.43576"
"Brasil","outubro 2010","PIMPF - Número-índice (2022=100) (Número-índice)","3.26 Fabricação de equipamentos de informática, produtos eletrônicos e ópticos","163.40672"
"Brasil","novembro 2010","PIMPF - Número-índice (2022=100) (Número-índice)","3.26 Fabricação de equipamentos de informática, produtos eletrônicos e ópticos","185.76417"
"Brasil","dezembro 2010","PIMPF - Número-índice (2022=100) (Número-índice)","3.26 Fabricação de equipamentos de informática, produtos eletrônicos e ópticos","128.21377"
"Brasil","janeiro 2011","PIMPF - Número-índice (2022=100) (Número-índice)","3.26 Fabricação de equipamentos de informática, produtos eletrônicos e ópticos","127.23882"
"Brasil","fevereiro 2011","PIMPF - Número-índice (2022=100) (Número-índice)","3.26 Fabricação de equipamentos de informática, produtos eletrônicos e ópticos","145.81429"
"Brasil","março 2011","PIMPF - Número-índice (2022=100) (Número-índice)","3.26 Fabricação de equipamentos de informática, produtos eletrônicos e ópticos","163.87326"
"Brasil","abril 2011","PIMPF - Número-índice (2022=100) (Número-índice)","3.26 Fabricação de equipamentos de informática, produtos eletrônicos e ópticos","150.58630"
"Brasil","maio 2011","PIMPF - Número-índice (2022=100) (Número-índice)","3.26 Fabricação de equipamentos de informática, produtos eletrônicos e ópticos","172.08525"
"Brasil","junho 2011","PIMPF - Número-índice (2022=100) (Número-índice)","3.26 Fabricação de equipamentos de informática, produtos eletrônicos e ópticos","167.98902"
"Brasil","julho 2011","PIMPF - Número-índice (2022=100) (Número-índice)","3.26 Fabricação de equipamentos de informática, produtos eletrônicos e ópticos","166.99420"
"Brasil","agosto 2011","PIMPF - Número-índice (2022=100) (Número-índice)","3.26 Fabricação de equipamentos de informática, produtos eletrônicos e ópticos","172.66406"
"Brasil","setembro 2011","PIMPF - Número-índice (2022=100) (Número-índice)","3.26 Fabricação de equipamentos de informática, produtos eletrônicos e ópticos","167.24864"
"Brasil","outubro 2011","PIMPF - Número-índice (2022=100) (Número-índice)","3.26 Fabricação de equipamentos de informática, produtos eletrônicos e ópticos","165.82582"
"Brasil","novembro 2011","PIMPF - Número-índice (2022=100) (Número-índice)","3.26 Fabricação de equipamentos de informática, produtos eletrônicos e ópticos","163.78560"
"Brasil","dezembro 2011","PIMPF - Número-índice (2022=100) (Número-índice)","3.26 Fabricação de equipamentos de informática, produtos eletrônicos e ópticos","121.96716"
"Brasil","janeiro 2012","PIMPF - Número-índice (2022=100) (Número-índice)","3.26 Fabricação de equipamentos de informática, produtos eletrônicos e ópticos","124.35494"
"Brasil","fevereiro 2012","PIMPF - Número-índice (2022=100) (Número-índice)","3.26 Fabricação de equipamentos de informática, produtos eletrônicos e ópticos","125.39250"
"Brasil","março 2012","PIMPF - Número-índice (2022=100) (Número-índice)","3.26 Fabricação de equipamentos de informática, produtos eletrônicos e ópticos","136.14620"
"Brasil","abril 2012","PIMPF - Número-índice (2022=100) (Número-índice)","3.26 Fabricação de equipamentos de informática, produtos eletrônicos e ópticos","129.64552"
"Brasil","maio 2012","PIMPF - Número-índice (2022=100) (Número-índice)","3.26 Fabricação de equipamentos de informática, produtos eletrônicos e ópticos","147.02896"
"Brasil","junho 2012","PIMPF - Número-índice (2022=100) (Número-índice)","3.26 Fabricação de equipamentos de informática, produtos eletrônicos e ópticos","134.34558"
"Brasil","julho 2012","PIMPF - Número-índice (2022=100) (Número-índice)","3.26 Fabricação de equipamentos de informática, produtos eletrônicos e ópticos","144.40004"
"Brasil","agosto 2012","PIMPF - Número-índice (2022=100) (Número-índice)","3.26 Fabricação de equipamentos de informática, produtos eletrônicos e ópticos","164.98233"
"Brasil","setembro 2012","PIMPF - Número-índice (2022=100) (Número-índice)","3.26 Fabricação de equipamentos de informática, produtos eletrônicos e ópticos","150.57504"
"Brasil","outubro 2012","PIMPF - Número-índice (2022=100) (Número-índice)","3.26 Fabricação de equipamentos de informática, produtos eletrônicos e ópticos","163.39686"
"Brasil","novembro 2012","PIMPF - Número-índice (2022=100) (Número-índice)","3.26 Fabricação de equipamentos de informática, produtos eletrônicos e ópticos","150.45108"
"Brasil","dezembro 2012","PIMPF - Número-índice (2022=100) (Número-índice)","3.26 Fabricação de equipamentos de informática, produtos eletrônicos e ópticos","92.25176"
"Brasil","janeiro 2013","PIMPF - Número-índice (2022=100) (Número-índice)","3.26 Fabricação de equipamentos de informática, produtos eletrônicos e ópticos","115.59990"
"Brasil","fevereiro 2013","PIMPF - Número-índice (2022=100) (Número-índice)","3.26 Fabricação de equipamentos de informática, produtos eletrônicos e ópticos","122.80239"
"Brasil","março 2013","PIMPF - Número-índice (2022=100) (Número-índice)","3.26 Fabricação de equipamentos de informática, produtos eletrônicos e ópticos","143.12011"
"Brasil","abril 2013","PIMPF - Número-índice (2022=100) (Número-índice)","3.26 Fabricação de equipamentos de informática, produtos eletrônicos e ópticos","150.20808"
"Brasil","maio 2013","PIMPF - Número-índice (2022=100) (Número-índice)","3.26 Fabricação de equipamentos de informática, produtos eletrônicos e ópticos","140.69611"
"Brasil","junho 2013","PIMPF - Número-índice (2022=100) (Número-índice)","3.26 Fabricação de equipamentos de informática, produtos eletrônicos e ópticos","141.97787"
"Brasil","julho 2013","PIMPF - Número-índice (2022=100) (Número-índice)","3.26 Fabricação de equipamentos de informática, produtos eletrônicos e ópticos","151.54090"
"Brasil","agosto 2013","PIMPF - Número-índice (2022=100) (Número-índice)","3.26 Fabricação de equipamentos de informática, produtos eletrônicos e ópticos","159.31942"
"Brasil","setembro 2013","PIMPF - Número-índice (2022=100) (Número-índice)","3.26 Fabricação de equipamentos de informática, produtos eletrônicos e ópticos","155.13338"
"Brasil","outubro 2013","PIMPF - Número-índice (2022=100) (Número-índice)","3.26 Fabricação de equipamentos de informática, produtos eletrônicos e ópticos","173.80384"
"Brasil","novembro 2013","PIMPF - Número-índice (2022=100) (Número-índice)","3.26 Fabricação de equipamentos de informática, produtos eletrônicos e ópticos","169.25182"
"Brasil","dezembro 2013","PIMPF - Número-índice (2022=100) (Número-índice)","3.26 Fabricação de equipamentos de informática, produtos eletrônicos e ópticos","116.33823"
"Brasil","janeiro 2014","PIMPF - Número-índice (2022=100) (Número-índice)","3.26 Fabricação de equipamentos de informática, produtos eletrônicos e ópticos","146.08539"
"Brasil","fevereiro 2014","PIMPF - Número-índice (2022=100) (Número-índice)","3.26 Fabricação de equipamentos de informática, produtos eletrônicos e ópticos","166.27878"
"Brasil","março 2014","PIMPF - Número-índice (2022=100) (Número-índice)","3.26 Fabricação de equipamentos de informática, produtos eletrônicos e ópticos","163.91743"
"Brasil","abril 2014","PIMPF - Número-índice (2022=100) (Número-índice)","3.26 Fabricação de equipamentos de informática, produtos eletrônicos e ópticos","156.42398"
"Brasil","maio 2014","PIMPF - Número-índice (2022=100) (Número-índice)","3.26 Fabricação de equipamentos de informática, produtos eletrônicos e ópticos","146.07403"
"Brasil","junho 2014","PIMPF - Número-índice (2022=100) (Número-índice)","3.26 Fabricação de equipamentos de informática, produtos eletrônicos e ópticos","102.14399"
"Brasil","julho 2014","PIMPF - Número-índice (2022=100) (Número-índice)","3.26 Fabricação de equipamentos de informática, produtos eletrônicos e ópticos","142.84850"
"Brasil","agosto 2014","PIMPF - Número-índice (2022=100) (Número-índice)","3.26 Fabricação de equipamentos de informática, produtos eletrônicos e ópticos","136.70384"
"Brasil","setembro 2014","PIMPF - Número-índice (2022=100) (Número-índice)","3.26 Fabricação de equipamentos de informática, produtos eletrônicos e ópticos","140.66584"
"Brasil","outubro 2014","PIMPF - Número-índice (2022=100) (Número-índice)","3.26 Fabricação de equipamentos de informática, produtos eletrônicos e ópticos","158.99070"
"Brasil","novembro 2014","PIMPF - Número-índice (2022=100) (Número-índice)","3.26 Fabricação de equipamentos de informática, produtos eletrônicos e ópticos","137.51941"
"Brasil","dezembro 2014","PIMPF - Número-índice (2022=100) (Número-índice)","3.26 Fabricação de equipamentos de informática, produtos eletrônicos e ópticos","87.66067"
"Brasil","janeiro 2015","PIMPF - Número-índice (2022=100) (Número-índice)","3.26 Fabricação de equipamentos de informática, produtos eletrônicos e ópticos","110.59389"
"Brasil","fevereiro 2015","PIMPF - Número-índice (2022=100) (Número-índice)","3.26 Fabricação de equipamentos de informática, produtos eletrônicos e ópticos","110.06215"
"Brasil","março 2015","PIMPF - Número-índice (2022=100) (Número-índice)","3.26 Fabricação de equipamentos de informática, produtos eletrônicos e ópticos","125.99882"
"Brasil","abril 2015","PIMPF - Número-índice (2022=100) (Número-índice)","3.26 Fabricação de equipamentos de informática, produtos eletrônicos e ópticos","105.86769"
"Brasil","maio 2015","PIMPF - Número-índice (2022=100) (Número-índice)","3.26 Fabricação de equipamentos de informática, produtos eletrônicos e ópticos","102.59452"
"Brasil","junho 2015","PIMPF - Número-índice (2022=100) (Número-índice)","3.26 Fabricação de equipamentos de informática, produtos eletrônicos e ópticos","85.25189"
"Brasil","julho 2015","PIMPF - Número-índice (2022=100) (Número-índice)","3.26 Fabricação de equipamentos de informática, produtos eletrônicos e ópticos","92.87025"
"Brasil","agosto 2015","PIMPF - Número-índice (2022=100) (Número-índice)","3.26 Fabricação de equipamentos de informática, produtos eletrônicos e ópticos","96.27972"
"Brasil","setembro 2015","PIMPF - Número-índice (2022=100) (Número-índice)","3.26 Fabricação de equipamentos de informática, produtos eletrônicos e ópticos","101.40913"
"Brasil","outubro 2015","PIMPF - Número-índice (2022=100) (Número-índice)","3.26 Fabricação de equipamentos de informática, produtos eletrônicos e ópticos","101.88932"
"Brasil","novembro 2015","PIMPF - Número-índice (2022=100) (Número-índice)","3.26 Fabricação de equipamentos de informática, produtos eletrônicos e ópticos","91.54095"
"Brasil","dezembro 2015","PIMPF - Número-índice (2022=100) (Número-índice)","3.26 Fabricação de equipamentos de informática, produtos eletrônicos e ópticos","53.75439"
"Brasil","janeiro 2016","PIMPF - Número-índice (2022=100) (Número-índice)","3.26 Fabricação de equipamentos de informática, produtos eletrônicos e ópticos","66.19480"
"Brasil","fevereiro 2016","PIMPF - Número-índice (2022=100) (Número-índice)","3.26 Fabricação de equipamentos de informática, produtos eletrônicos e ópticos","74.40547"
"Brasil","março 2016","PIMPF - Número-índice (2022=100) (Número-índice)","3.26 Fabricação de equipamentos de informática, produtos eletrônicos e ópticos","88.44970"
"Brasil","abril 2016","PIMPF - Número-índice (2022=100) (Número-índice)","3.26 Fabricação de equipamentos de informática, produtos eletrônicos e ópticos","80.23756"
"Brasil","maio 2016","PIMPF - Número-índice (2022=100) (Número-índice)","3.26 Fabricação de equipamentos de informática, produtos eletrônicos e ópticos","82.69031"
"Brasil","junho 2016","PIMPF - Número-índice (2022=100) (Número-índice)","3.26 Fabricação de equipamentos de informática, produtos eletrônicos e ópticos","79.27820"
"Brasil","julho 2016","PIMPF - Número-índice (2022=100) (Número-índice)","3.26 Fabricação de equipamentos de informática, produtos eletrônicos e ópticos","81.58055"
"Brasil","agosto 2016","PIMPF - Número-índice (2022=100) (Número-índice)","3.26 Fabricação de equipamentos de informática, produtos eletrônicos e ópticos","96.29366"
"Brasil","setembro 2016","PIMPF - Número-índice (2022=100) (Número-índice)","3.26 Fabricação de equipamentos de informática, produtos eletrônicos e ópticos","92.67010"
"Brasil","outubro 2016","PIMPF - Número-índice (2022=100) (Número-índice)","3.26 Fabricação de equipamentos de informática, produtos eletrônicos e ópticos","97.95297"
"Brasil","novembro 2016","PIMPF - Número-índice (2022=100) (Número-índice)","3.26 Fabricação de equipamentos de informática, produtos eletrônicos e ópticos","102.52587"
"Brasil","dezembro 2016","PIMPF - Número-índice (2022=100) (Número-índice)","3.26 Fabricação de equipamentos de informática, produtos eletrônicos e ópticos","71.34061"
"Brasil","janeiro 2017","PIMPF - Número-índice (2022=100) (Número-índice)","3.26 Fabricação de equipamentos de informática, produtos eletrônicos e ópticos","84.85365"
"Brasil","fevereiro 2017","PIMPF - Número-índice (2022=100) (Número-índice)","3.26 Fabricação de equipamentos de informática, produtos eletrônicos e ópticos","87.58138"
"Brasil","março 2017","PIMPF - Número-índice (2022=100) (Número-índice)","3.26 Fabricação de equipamentos de informática, produtos eletrônicos e ópticos","105.92722"
"Brasil","abril 2017","PIMPF - Número-índice (2022=100) (Número-índice)","3.26 Fabricação de equipamentos de informática, produtos eletrônicos e ópticos","88.78153"
"Brasil","maio 2017","PIMPF - Número-índice (2022=100) (Número-índice)","3.26 Fabricação de equipamentos de informática, produtos eletrônicos e ópticos","106.20910"
"Brasil","junho 2017","PIMPF - Número-índice (2022=100) (Número-índice)","3.26 Fabricação de equipamentos de informática, produtos eletrônicos e ópticos","91.35699"
"Brasil","julho 2017","PIMPF - Número-índice (2022=100) (Número-índice)","3.26 Fabricação de equipamentos de informática, produtos eletrônicos e ópticos","103.17336"
"Brasil","agosto 2017","PIMPF - Número-índice (2022=100) (Número-índice)","3.26 Fabricação de equipamentos de informática, produtos eletrônicos e ópticos","118.70533"
"Brasil","setembro 2017","PIMPF - Número-índice (2022=100) (Número-índice)","3.26 Fabricação de equipamentos de informática, produtos eletrônicos e ópticos","108.48021"
"Brasil","outubro 2017","PIMPF - Número-índice (2022=100) (Número-índice)","3.26 Fabricação de equipamentos de informática, produtos eletrônicos e ópticos","121.15593"
"Brasil","novembro 2017","PIMPF - Número-índice (2022=100) (Número-índice)","3.26 Fabricação de equipamentos de informática, produtos eletrônicos e ópticos","116.33819"
"Brasil","dezembro 2017","PIMPF - Número-índice (2022=100) (Número-índice)","3.26 Fabricação de equipamentos de informática, produtos eletrônicos e ópticos","85.72860"
"Brasil","janeiro 2018","PIMPF - Número-índice (2022=100) (Número-índice)","3.26 Fabricação de equipamentos de informática, produtos eletrônicos e ópticos","108.56690"
"Brasil","fevereiro 2018","PIMPF - Número-índice (2022=100) (Número-índice)","3.26 Fabricação de equipamentos de informática, produtos eletrônicos e ópticos","110.01662"
"Brasil","março 2018","PIMPF - Número-índice (2022=100) (Número-índice)","3.26 Fabricação de equipamentos de informática, produtos eletrônicos e ópticos","131.48506"
"Brasil","abril 2018","PIMPF - Número-índice (2022=100) (Número-índice)","3.26 Fabricação de equipamentos de informática, produtos eletrônicos e ópticos","118.75697"
"Brasil","maio 2018","PIMPF - Número-índice (2022=100) (Número-índice)","3.26 Fabricação de equipamentos de informática, produtos eletrônicos e ópticos","107.24231"
"Brasil","junho 2018","PIMPF - Número-índice (2022=100) (Número-índice)","3.26 Fabricação de equipamentos de informática, produtos eletrônicos e ópticos","87.84941"
"Brasil","julho 2018","PIMPF - Número-índice (2022=100) (Número-índice)","3.26 Fabricação de equipamentos de informática, produtos eletrônicos e ópticos","93.27156"
"Brasil","agosto 2018","PIMPF - Número-índice (2022=100) (Número-índice)","3.26 Fabricação de equipamentos de informática, produtos eletrônicos e ópticos","109.47091"
"Brasil","setembro 2018","PIMPF - Número-índice (2022=100) (Número-índice)","3.26 Fabricação de equipamentos de informática, produtos eletrônicos e ópticos","99.39319"
"Brasil","outubro 2018","PIMPF - Número-índice (2022=100) (Número-índice)","3.26 Fabricação de equipamentos de informática, produtos eletrônicos e ópticos","111.88039"
"Brasil","novembro 2018","PIMPF - Número-índice (2022=100) (Número-índice)","3.26 Fabricação de equipamentos de informática, produtos eletrônicos e ópticos","102.02766"
"Brasil","dezembro 2018","PIMPF - Número-índice (2022=100) (Número-índice)","3.26 Fabricação de equipamentos de informática, produtos eletrônicos e ópticos","69.52099"
"Brasil","janeiro 2019","PIMPF - Número-índice (2022=100) (Número-índice)","3.26 Fabricação de equipamentos de informática, produtos eletrônicos e ópticos","98.02458"
"Brasil","fevereiro 2019","PIMPF - Número-índice (2022=100) (Número-índice)","3.26 Fabricação de equipamentos de informática, produtos eletrônicos e ópticos","106.95527"
"Brasil","março 2019","PIMPF - Número-índice (2022=100) (Número-índice)","3.26 Fabricação de equipamentos de informática, produtos eletrônicos e ópticos","100.48438"
"Brasil","abril 2019","PIMPF - Número-índice (2022=100) (Número-índice)","3.26 Fabricação de equipamentos de informática, produtos eletrônicos e ópticos","111.51517"
"Brasil","maio 2019","PIMPF - Número-índice (2022=100) (Número-índice)","3.26 Fabricação de equipamentos de informática, produtos eletrônicos e ópticos","112.78400"
"Brasil","junho 2019","PIMPF - Número-índice (2022=100) (Número-índice)","3.26 Fabricação de equipamentos de informática, produtos eletrônicos e ópticos","90.55052"
"Brasil","julho 2019","PIMPF - Número-índice (2022=100) (Número-índice)","3.26 Fabricação de equipamentos de informática, produtos eletrônicos e ópticos","101.61221"
"Brasil","agosto 2019","PIMPF - Número-índice (2022=100) (Número-índice)","3.26 Fabricação de equipamentos de informática, produtos eletrônicos e ópticos","108.92284"
"Brasil","setembro 2019","PIMPF - Número-índice (2022=100) (Número-índice)","3.26 Fabricação de equipamentos de informática, produtos eletrônicos e ópticos","108.57190"
"Brasil","outubro 2019","PIMPF - Número-índice (2022=100) (Número-índice)","3.26 Fabricação de equipamentos de informática, produtos eletrônicos e ópticos","116.97110"
"Brasil","novembro 2019","PIMPF - Número-índice (2022=100) (Número-índice)","3.26 Fabricação de equipamentos de informática, produtos eletrônicos e ópticos","108.56005"
"Brasil","dezembro 2019","PIMPF - Número-índice (2022=100) (Número-índice)","3.26 Fabricação de equipamentos de informática, produtos eletrônicos e ópticos","75.95949"
"Brasil","janeiro 2020","PIMPF - Número-índice (2022=100) (Número-índice)","3.26 Fabricação de equipamentos de informática, produtos eletrônicos e ópticos","107.09881"
"Brasil","fevereiro 2020","PIMPF - Número-índice (2022=100) (Número-índice)","3.26 Fabricação de equipamentos de informática, produtos eletrônicos e ópticos","95.41354"
"Brasil","março 2020","PIMPF - Número-índice (2022=100) (Número-índice)","3.26 Fabricação de equipamentos de informática, produtos eletrônicos e ópticos","101.56188"
"Brasil","abril 2020","PIMPF - Número-índice (2022=100) (Número-índice)","3.26 Fabricação de equipamentos de informática, produtos eletrônicos e ópticos","61.41495"
"Brasil","maio 2020","PIMPF - Número-índice (2022=100) (Número-índice)","3.26 Fabricação de equipamentos de informática, produtos eletrônicos e ópticos","76.55503"
"Brasil","junho 2020","PIMPF - Número-índice (2022=100) (Número-índice)","3.26 Fabricação de equipamentos de informática, produtos eletrônicos e ópticos","85.94071"
"Brasil","julho 2020","PIMPF - Número-índice (2022=100) (Número-índice)","3.26 Fabricação de equipamentos de informática, produtos eletrônicos e ópticos","110.94685"
"Brasil","agosto 2020","PIMPF - Número-índice (2022=100) (Número-índice)","3.26 Fabricação de equipamentos de informática, produtos eletrônicos e ópticos","116.28359"
"Brasil","setembro 2020","PIMPF - Número-índice (2022=100) (Número-índice)","3.26 Fabricação de equipamentos de informática, produtos eletrônicos e ópticos","125.74946"
"Brasil","outubro 2020","PIMPF - Número-índice (2022=100) (Número-índice)","3.26 Fabricação de equipamentos de informática, produtos eletrônicos e ópticos","128.32660"
"Brasil","novembro 2020","PIMPF - Número-índice (2022=100) (Número-índice)","3.26 Fabricação de equipamentos de informática, produtos eletrônicos e ópticos","117.96666"
"Brasil","dezembro 2020","PIMPF - Número-índice (2022=100) (Número-índice)","3.26 Fabricação de equipamentos de informática, produtos eletrônicos e ópticos","97.95811"
"Brasil","janeiro 2021","PIMPF - Número-índice (2022=100) (Número-índice)","3.26 Fabricação de equipamentos de informática, produtos eletrônicos e ópticos","93.64418"
"Brasil","fevereiro 2021","PIMPF - Número-índice (2022=100) (Número-índice)","3.26 Fabricação de equipamentos de informática, produtos eletrônicos e ópticos","100.12904"
"Brasil","março 2021","PIMPF - Número-índice (2022=100) (Número-índice)","3.26 Fabricação de equipamentos de informática, produtos eletrônicos e ópticos","118.96408"
"Brasil","abril 2021","PIMPF - Número-índice (2022=100) (Número-índice)","3.26 Fabricação de equipamentos de informática, produtos eletrônicos e ópticos","96.52156"
"Brasil","maio 2021","PIMPF - Número-índice (2022=100) (Número-índice)","3.26 Fabricação de equipamentos de informática, produtos eletrônicos e ópticos","99.93133"
"Brasil","junho 2021","PIMPF - Número-índice (2022=100) (Número-índice)","3.26 Fabricação de equipamentos de informática, produtos eletrônicos e ópticos","98.11860"
"Brasil","julho 2021","PIMPF - Número-índice (2022=100) (Número-índice)","3.26 Fabricação de equipamentos de informática, produtos eletrônicos e ópticos","105.35212"
"Brasil","agosto 2021","PIMPF - Número-índice (2022=100) (Número-índice)","3.26 Fabricação de equipamentos de informática, produtos eletrônicos e ópticos","100.99325"
"Brasil","setembro 2021","PIMPF - Número-índice (2022=100) (Número-índice)","3.26 Fabricação de equipamentos de informática, produtos eletrônicos e ópticos","103.02790"
"Brasil","outubro 2021","PIMPF - Número-índice (2022=100) (Número-índice)","3.26 Fabricação de equipamentos de informática, produtos eletrônicos e ópticos","98.96195"
"Brasil","novembro 2021","PIMPF - Número-índice (2022=100) (Número-índice)","3.26 Fabricação de equipamentos de informática, produtos eletrônicos e ópticos","99.58484"
"Brasil","dezembro 2021","PIMPF - Número-índice (2022=100) (Número-índice)","3.26 Fabricação de equipamentos de informática, produtos eletrônicos e ópticos","88.07249"
"Brasil","janeiro 2022","PIMPF - Número-índice (2022=100) (Número-índice)","3.26 Fabricação de equipamentos de informática, produtos eletrônicos e ópticos","91.48712"
"Brasil","fevereiro 2022","PIMPF - Número-índice (2022=100) (Número-índice)","3.26 Fabricação de equipamentos de informática, produtos eletrônicos e ópticos","94.98508"
"Brasil","março 2022","PIMPF - Número-índice (2022=100) (Número-índice)","3.26 Fabricação de equipamentos de informática, produtos eletrônicos e ópticos","115.30471"
"Brasil","abril 2022","PIMPF - Número-índice (2022=100) (Número-índice)","3.26 Fabricação de equipamentos de informática, produtos eletrônicos e ópticos","100.53928"
"Brasil","maio 2022","PIMPF - Número-índice (2022=100) (Número-índice)","3.26 Fabricação de equipamentos de informática, produtos eletrônicos e ópticos","111.60547"
"Brasil","junho 2022","PIMPF - Número-índice (2022=100) (Número-índice)","3.26 Fabricação de equipamentos de informática, produtos eletrônicos e ópticos","98.99416"
"Brasil","julho 2022","PIMPF - Número-índice (2022=100) (Número-índice)","3.26 Fabricação de equipamentos de informática, produtos eletrônicos e ópticos","104.77849"
"Brasil","agosto 2022","PIMPF - Número-índice (2022=100) (Número-índice)","3.26 Fabricação de equipamentos de informática, produtos eletrônicos e ópticos","103.47658"
"Brasil","setembro 2022","PIMPF - Número-índice (2022=100) (Número-índice)","3.26 Fabricação de equipamentos de informática, produtos eletrônicos e ópticos","103.17645"
"Brasil","outubro 2022","PIMPF - Número-índice (2022=100) (Número-índice)","3.26 Fabricação de equipamentos de informática, produtos eletrônicos e ópticos","107.54808"
"Brasil","novembro 2022","PIMPF - Número-índice (2022=100) (Número-índice)","3.26 Fabricação de equipamentos de informática, produtos eletrônicos e ópticos","93.25850"
"Brasil","dezembro 2022","PIMPF - Número-índice (2022=100) (Número-índice)","3.26 Fabricação de equipamentos de informática, produtos eletrônicos e ópticos","74.84609"
"Brasil","janeiro 2023","PIMPF - Número-índice (2022=100) (Número-índice)","3.26 Fabricação de equipamentos de informática, produtos eletrônicos e ópticos","81.63838"
"Brasil","fevereiro 2023","PIMPF - Número-índice (2022=100) (Número-índice)","3.26 Fabricação de equipamentos de informática, produtos eletrônicos e ópticos","87.14618"
"Brasil","março 2023","PIMPF - Número-índice (2022=100) (Número-índice)","3.26 Fabricação de equipamentos de informática, produtos eletrônicos e ópticos","120.50581"
"Brasil","abril 2023","PIMPF - Número-índice (2022=100) (Número-índice)","3.26 Fabricação de equipamentos de informática, produtos eletrônicos e ópticos","89.93574"
"Brasil","maio 2023","PIMPF - Número-índice (2022=100) (Número-índice)","3.26 Fabricação de equipamentos de informática, produtos eletrônicos e ópticos","101.75536"
"Brasil","junho 2023","PIMPF - Número-índice (2022=100) (Número-índice)","3.26 Fabricação de equipamentos de informática, produtos eletrônicos e ópticos","87.72804"
"Brasil","julho 2023","PIMPF - Número-índice (2022=100) (Número-índice)","3.26 Fabricação de equipamentos de informática, produtos eletrônicos e ópticos","81.91189"
"Brasil","agosto 2023","PIMPF - Número-índice (2022=100) (Número-índice)","3.26 Fabricação de equipamentos de informática, produtos eletrônicos e ópticos","97.36369"
"Brasil","setembro 2023","PIMPF - Número-índice (2022=100) (Número-índice)","3.26 Fabricação de equipamentos de informática, produtos eletrônicos e ópticos","89.02806"
"Brasil","outubro 2023","PIMPF - Número-índice (2022=100) (Número-índice)","3.26 Fabricação de equipamentos de informática, produtos eletrônicos e ópticos","87.98051"
"Brasil","novembro 2023","PIMPF - Número-índice (2022=100) (Número-índice)","3.26 Fabricação de equipamentos de informática, produtos eletrônicos e ópticos","74.57983"
"Brasil","dezembro 2023","PIMPF - Número-índice (2022=100) (Número-índice)","3.26 Fabricação de equipamentos de informática, produtos eletrônicos e ópticos","67.62614"
"Brasil","janeiro 2024","PIMPF - Número-índice (2022=100) (Número-índice)","3.26 Fabricação de equipamentos de informática, produtos eletrônicos e ópticos","94.12768"
"Brasil","fevereiro 2024","PIMPF - Número-índice (2022=100) (Número-índice)","3.26 Fabricação de equipamentos de informática, produtos eletrônicos e ópticos","103.46023"
"Brasil","março 2024","PIMPF - Número-índice (2022=100) (Número-índice)","3.26 Fabricação de equipamentos de informática, produtos eletrônicos e ópticos","107.57830"
"Brasil","abril 2024","PIMPF - Número-índice (2022=100) (Número-índice)","3.26 Fabricação de equipamentos de informática, produtos eletrônicos e ópticos","99.84183"
"Brasil","maio 2024","PIMPF - Número-índice (2022=100) (Número-índice)","3.26 Fabricação de equipamentos de informática, produtos eletrônicos e ópticos","107.83269"
"Brasil","junho 2024","PIMPF - Número-índice (2022=100) (Número-índice)","3.26 Fabricação de equipamentos de informática, produtos eletrônicos e ópticos","103.82753"
"Brasil","julho 2024","PIMPF - Número-índice (2022=100) (Número-índice)","3.26 Fabricação de equipamentos de informática, produtos eletrônicos e ópticos","100.88658"
"Brasil","agosto 2024","PIMPF - Número-índice (2022=100) (Número-índice)","3.26 Fabricação de equipamentos de informática, produtos eletrônicos e ópticos","110.57598"
"Brasil","setembro 2024","PIMPF - Número-índice (2022=100) (Número-índice)","3.26 Fabricação de equipamentos de informática, produtos eletrônicos e ópticos","105.18280"
"Brasil","outubro 2024","PIMPF - Número-índice (2022=100) (Número-índice)","3.26 Fabricação de equipamentos de informática, produtos eletrônicos e ópticos","107.06042"
"Brasil","novembro 2024","PIMPF - Número-índice (2022=100) (Número-índice)","3.26 Fabricação de equipamentos de informática, produtos eletrônicos e ópticos","100.73412"
"Brasil","dezembro 2024","PIMPF - Número-índice (2022=100) (Número-índice)","3.26 Fabricação de equipamentos de informática, produtos eletrônicos e ópticos","83.24464"
"Brasil","janeiro 2025","PIMPF - Número-índice (2022=100) (Número-índice)","3.26 Fabricação de equipamentos de informática, produtos eletrônicos e ópticos","92.95353"
"Fonte: IBGE - Pesquisa Industrial Mensal - Produção Física"

""
"Legenda"
"Símbolo","Significado"
"-","Zero absoluto, não resultante de um cálculo ou arredondamento.
Ex: Em determinado município não existem pessoas de 14 anos de idade sem instrução."
"0","Zero resultante de um cálculo ou arredondamento.
Ex: A inflação do feijão em determinada Região Metropolitana foi 0.
Determinado município produziu 400 kg de sementes de girassol e os dados da tabela são expressos em toneladas."
"X","Valor inibido para não identificar o informante.
Ex: Determinado município só possui uma empresa produtora de cimento, logo o valor de sua produção deve ser inibido."
"..","Valor não se aplica.
Ex: Não se pode obter o total da produção agrícola em determinado município quando os produtos agrícolas são contabilizados com unidades de medida distintas."
"...","Valor não disponível.
Ex: A produção de feijão em determinado município não foi pesquisada ou determinado município não existia no ano da pesquisa."
"A a Z
(exceto X)","Significa uma faixa de valores. Varia em função da tabela (se for o caso).
Ex: O nível de precisão da produção estimada de combustíveis está na faixa A (95 a 100%)"
